,number,value,datetime_start,datetime_complete,duration,params_colsample_bytree,params_gamma,params_learning_rate,params_max_depth,params_min_child_weight,params_reg_alpha,params_reg_lambda,params_subsample,user_attrs_pruned,user_attrs_training_time,state
0,0,0.2747486441154728,2025-01-28 18:21:25.713469,2025-01-28 18:32:29.138375,0 days 00:11:03.424906,0.6094358786115417,0.01641114483738424,0.0027348060431748107,8,0.07113831848174887,0.0002270464223052627,1.6254900786702666e-06,0.6331090971488338,,662.5328814983368,COMPLETE
1,1,0.5337718240651886,2025-01-28 18:32:29.138726,2025-01-28 18:48:14.811984,0 days 00:15:45.673258,0.580256570250921,0.037707508218719266,0.00015985823037440987,9,0.0036883136687857815,0.02683704654344794,3.048249274583692e-07,0.8350253713887147,,944.5088348388672,COMPLETE
2,2,0.2854228966486998,2025-01-28 18:48:14.812367,2025-01-28 18:59:12.473104,0 days 00:10:57.660737,0.6060581766047679,1.1668421487247229e-06,0.0023300948275885715,8,0.01503510387582249,4.227984843385649e-07,2.858545676177038e-06,0.605266834158342,,656.774600982666,COMPLETE
3,3,0.2456185706966103,2025-01-28 18:59:12.473487,2025-01-28 19:15:36.126152,0 days 00:16:23.652665,0.8501435841696814,5.576603677734262e-07,0.02216227218971294,10,3.452629869970862,6.96564225933544e-08,0.00013554752421121631,0.7642148090309838,,982.1030995845795,COMPLETE
4,4,0.2556885800754795,2025-01-28 19:15:36.126546,2025-01-28 19:24:00.336816,0 days 00:08:24.210270,0.9271563677379553,0.21812664615258773,0.005933320421835928,7,0.10045939095850152,1.0822751865585436e-07,7.2209832526455075e-06,0.9729994492137253,,503.45104813575745,COMPLETE
5,5,0.2564843193096234,2025-01-28 19:24:00.337225,2025-01-28 19:30:09.355703,0 days 00:06:09.018478,0.6102936326053682,0.020917288864111424,0.0074222847059572635,6,0.13488000128853325,1.6568248319347895e-08,2.9140680215356856e-08,0.8194227983554343,,368.35024213790894,COMPLETE
6,6,0.5389254574099419,2025-01-28 19:30:09.356081,2025-01-28 19:34:24.388084,0 days 00:04:15.032003,0.6793540812152282,0.00010853162623504423,0.0001563781150912603,4,1.3972565080698482,8.362996277322834e-06,0.001805504619201144,0.7711558004735465,,254.45539450645447,COMPLETE
7,7,0.2510716740402514,2025-01-28 19:34:24.388478,2025-01-28 19:38:12.241793,0 days 00:03:47.853315,0.6000215964235661,0.004899799312101801,0.04383300496256222,5,9.215421497094466,8.949069148767882e-05,0.050300540281905365,0.6524682652845626,,227.20046973228455,COMPLETE
8,8,0.24740513196902056,2025-01-28 19:38:12.242172,2025-01-28 19:44:02.595761,0 days 00:05:50.353589,0.779503931505525,2.9626087359327884e-07,0.055322808783449,7,5.708222055436698,1.7925245168333435e-05,6.855363723373576e-05,0.8447557700854214,,349.4999713897705,COMPLETE
9,9,0.24617584064567244,2025-01-28 19:44:02.596156,2025-01-28 19:56:05.521897,0 days 00:12:02.925741,0.9931823746253805,1.4404625060683705e-08,0.033350733822512364,9,1.495367762787157,1.8334992073634224e-08,0.3752514796405853,0.7000297578850282,,721.8066964149475,COMPLETE
10,10,0.25329464980805994,2025-01-28 19:56:05.522283,2025-01-28 19:59:51.808327,0 days 00:03:46.286044,0.6928276644899506,5.3634837192713316e-05,0.09715374245735968,10,1.9957728106532073,7.309305421618626e-08,8.743697426283902e-05,0.6905808864348001,,225.99326419830322,COMPLETE
11,11,0.25041507397714957,2025-01-28 19:59:51.808694,2025-01-28 20:06:46.699377,0 days 00:06:54.890683,0.9857026945358445,2.1043823411772834e-08,0.017117529064652456,7,0.46024051051341924,1.0888011226406718e-07,0.3219263222918443,0.6245576051956915,,414.0894320011139,COMPLETE
12,12,0.25637010665185095,2025-01-28 20:06:46.699764,2025-01-28 20:22:25.711189,0 days 00:15:39.011425,0.9259203082011644,1.1156175870526979e-07,0.0040355130833914085,9,2.3735873257910116,1.3909445222640568e-06,1.3599103823205409e-05,0.6358811455647421,,937.6182940006256,COMPLETE
13,13,0.2527900864558215,2025-01-28 20:22:25.711577,2025-01-28 20:27:32.114329,0 days 00:05:06.402752,0.9192992646263028,1.1658724428676375e-08,0.0898803815252642,10,0.014338737445344337,2.0230398564497704e-06,0.002535464961396653,0.7610503663127876,,306.0435483455658,COMPLETE
14,14,0.28727825783904565,2025-01-28 20:27:32.114726,2025-01-28 20:44:47.886403,0 days 00:17:15.771677,0.9263084523479486,3.767575022093803e-08,0.0022045159434114833,9,0.7706211231666299,1.4695277281545393e-06,0.0021862756462490557,0.9277151258533229,,1034.3339416980743,COMPLETE
15,15,0.24829943784483519,2025-01-28 20:44:47.886791,2025-01-28 20:53:04.141625,0 days 00:08:16.254834,0.9083908598102365,6.543377089025622e-05,0.060742227387826885,9,0.35685368754637936,4.723014919676482e-07,1.4005847422287318e-06,0.8956768083081705,,495.54996252059937,COMPLETE
16,16,0.2485372948885435,2025-01-28 20:53:04.142052,2025-01-28 21:03:02.524925,0 days 00:09:58.382873,0.7467858201457473,0.00018193929736971088,0.010926564810154216,8,1.1137658043505696,5.756591669194658e-07,0.6352489012992357,0.8363541259606784,,597.4524817466736,COMPLETE
17,17,0.24929145990956245,2025-01-28 21:03:02.525326,2025-01-28 21:17:33.226789,0 days 00:14:30.701463,0.778642581721795,1.0742164837038568e-06,0.0076655223047473004,9,0.4850581650220734,1.3451896687780538e-08,0.017519431866774834,0.7142356759016105,,869.3247547149658,COMPLETE
18,18,0.24975402488186868,2025-01-28 21:17:33.227224,2025-01-28 21:22:31.740441,0 days 00:04:58.513217,0.829790525572445,1.955921684897906e-08,0.030761035816690395,6,1.4583112777676537,2.542387080797192e-06,0.38348103223156055,0.8813801456413247,,297.78500270843506,COMPLETE
19,19,0.24594832413446985,2025-01-28 21:22:31.740835,2025-01-28 21:35:36.914274,0 days 00:13:05.173439,0.955724058621432,4.184455272844286e-06,0.02057884227536203,9,2.617904070727352,2.478794929871732e-08,0.9979066465549253,0.9332303165168376,,783.8499035835266,COMPLETE
20,20,0.2968559660272619,2025-01-28 21:35:36.914693,2025-01-28 21:59:34.638703,0 days 00:23:57.724010,0.8586802392689977,0.0003258199966832316,0.0019225625758817913,10,1.2634649927241048,5.37996426909861e-08,9.156225402449711e-08,0.7709250561109249,,1436.2197704315186,COMPLETE
21,21,0.2484422518582179,2025-01-28 21:59:34.639770,2025-01-28 22:07:37.974897,0 days 00:08:03.335127,0.9473389387419684,1.0509532979613743e-07,0.0671947421235532,10,1.120957542683759,1.8987316294544505e-08,0.5215565681211194,0.9652064647482416,,482.76921463012695,COMPLETE
22,22,0.24846019016235524,2025-01-28 22:07:37.975323,2025-01-28 22:18:56.171542,0 days 00:11:18.196219,0.9573899461183096,3.6590894533266156e-07,0.048781722104444016,10,7.331348732377167,6.721931289957434e-08,0.057352578244802006,0.5367665271685078,,677.3307638168335,COMPLETE
23,23,0.2518415454969953,2025-01-28 22:18:56.172003,2025-01-28 22:42:21.695555,0 days 00:23:25.523552,0.9957244167861514,0.023180953147234843,0.0045333567659118544,10,3.032499014532417,4.185438784690998e-07,0.11120228889288866,0.7831717320752655,,1404.105316877365,COMPLETE
24,24,0.24581570416261675,2025-01-28 22:42:21.696518,2025-01-28 22:54:57.788306,0 days 00:12:36.091788,0.9776024962348954,4.5094223264468056e-05,0.04018848800153264,9,0.12004274139136648,3.87062753544644e-08,0.8159350224758495,0.7875541223969343,,754.9815487861633,COMPLETE
25,25,0.2470833399188335,2025-01-28 22:54:57.788749,2025-01-28 23:12:38.068799,0 days 00:17:40.280050,0.9523526642609808,0.00013725066741465344,0.03493771134194561,10,0.02232271733318084,3.396927380336733e-07,0.04125435304071329,0.7547502445854078,,1058.9398260116577,COMPLETE
26,26,0.28573581299982287,2025-01-28 23:12:38.069256,2025-01-28 23:30:18.775226,0 days 00:17:40.705970,0.961106585353831,3.058715370675538e-07,0.002209098769962385,9,7.948449344597427,1.7008774836708348e-07,0.4106114582890475,0.9438635831075911,,1059.5599768161774,COMPLETE
27,27,0.2467996216483969,2025-01-28 23:30:18.775656,2025-01-28 23:42:48.621375,0 days 00:12:29.845719,0.99378371523509,0.00032353480935279436,0.05327632042995169,9,0.44469540346225245,3.044982979515255e-08,0.7069723840926669,0.8715729052624113,,748.7234528064728,COMPLETE
28,28,0.24945537951146987,2025-01-28 23:42:48.621856,2025-01-28 23:50:46.830355,0 days 00:07:58.208499,0.6624256859115454,1.0048760131480293e-08,0.05520010364002689,10,5.880983059311508,8.988473901100882e-05,3.271115465163398e-05,0.5273718719277062,,477.52914214134216,COMPLETE
29,29,0.25494113963600834,2025-01-28 23:50:46.830834,2025-01-28 23:55:20.681469,0 days 00:04:33.850635,0.9630108508280203,7.958515693222713e-05,0.0163739794165774,5,1.0757612190114778,4.697512558241024e-07,0.08261571354973328,0.9854806227374736,,273.2324662208557,COMPLETE
30,30,0.2529990978234716,2025-01-28 23:55:20.681957,2025-01-29 00:17:34.393652,0 days 00:22:13.711695,0.7674130658473839,1.0812494744730901e-07,0.004193694255405379,10,3.6564550632378143,2.3231813105238178e-08,5.308908301415865e-05,0.8577577091466246,,1331.8346889019012,COMPLETE
31,31,0.2462344062367904,2025-01-29 00:17:34.394486,2025-01-29 00:36:20.602896,0 days 00:18:46.208410,0.959475846235595,9.160348931389509e-07,0.012763513155393211,10,3.1097811310855437,3.822064162763789e-07,0.045088890018796485,0.7724841160780677,,1124.5508863925934,COMPLETE
32,32,0.2472081051031814,2025-01-29 00:36:20.603359,2025-01-29 00:45:25.745204,0 days 00:09:05.141845,0.8565668070858001,3.486616797383168e-05,0.018417783994691506,8,4.85098972314724,2.671557057132335e-08,0.03317774844362362,0.9343487153251185,,544.2178170681,COMPLETE
33,33,0.4247910987711942,2025-01-29 00:45:25.745913,2025-01-29 00:57:06.250749,0 days 00:11:40.504836,0.8280205625406505,0.038030600841702795,0.000651452571438522,8,0.010691749660328046,1.6761787374331472e-07,0.013445860533176372,0.5239175856931917,,699.5835647583008,COMPLETE
34,34,0.2470112553157724,2025-01-29 00:57:06.251439,2025-01-29 01:08:25.214514,0 days 00:11:18.963075,0.8571488903224045,1.635338484299483e-05,0.050949619500660605,9,0.021699957032251704,2.330510753332253e-08,0.18534596129475298,0.9099752910169763,,677.9621593952179,COMPLETE
35,35,0.2487956679147787,2025-01-29 01:08:25.214984,2025-01-29 01:17:12.138326,0 days 00:08:46.923342,0.9896646928175836,1.3618809053024054e-07,0.06229098664167061,9,0.10717333667664782,1.8426002577265818e-08,0.12378934043339045,0.7524437012119435,,526.1724853515625,COMPLETE
36,36,0.24573513299219854,2025-01-29 01:17:12.138841,2025-01-29 01:33:03.046326,0 days 00:15:50.907485,0.8128354799128316,2.5771186025210297e-06,0.018425132707615994,10,6.360563834254321,9.089062986569917e-07,1.329566080604682e-05,0.7451624300577013,,949.3786051273346,COMPLETE
37,37,0.24827880175617958,2025-01-29 01:33:03.046791,2025-01-29 01:42:45.749410,0 days 00:09:42.702619,0.9315253809932056,2.466609631682573e-08,0.012925635308217194,8,8.003078766810747,4.280268699582335e-08,3.2328192563989066e-05,0.7695799893665488,,581.7769875526428,COMPLETE
38,38,0.25043809105030074,2025-01-29 01:42:45.750113,2025-01-29 01:47:48.840834,0 days 00:05:03.090721,0.8448509954193673,2.173532902213027e-06,0.08109641740595126,10,6.198832252472411,2.1973768289058007e-06,5.439801865484318e-05,0.707824412122406,,302.7015645503998,COMPLETE
39,39,0.3039977434876104,2025-01-29 01:47:48.841429,2025-01-29 01:51:18.280031,0 days 00:03:29.438602,0.8484655237135094,0.0002644065957632339,0.002477004122312981,3,0.002145330570927389,0.011941986794742681,5.7146500945782664e-08,0.9504730137252057,,208.8935103416443,COMPLETE
40,40,0.24984985600314644,2025-01-29 01:51:18.280514,2025-01-29 02:01:33.245840,0 days 00:10:14.965326,0.7621140191044236,1.92929099546349e-06,0.008262738750703685,8,6.947491727645135,7.771436839521087e-07,0.00010984225769525325,0.6680900191163596,,614.0574581623077,COMPLETE
41,41,0.2466785144255014,2025-01-29 02:01:33.246553,2025-01-29 02:20:04.661639,0 days 00:18:31.415086,0.8224398883512186,6.203156022842809e-06,0.009501018661670973,10,4.366434172349698,3.4184535912461464e-06,7.466629004866954e-07,0.6601532412132316,,1109.7189722061157,COMPLETE
42,42,0.24746985416538428,2025-01-29 02:20:04.662094,2025-01-29 02:39:15.735354,0 days 00:19:11.073260,0.9131540573402308,1.7968997321760337e-08,0.012242144041621758,10,0.878861184393516,1.9537027985648387e-08,0.018076949738928615,0.631262622171087,,1149.320648908615,COMPLETE
43,43,0.24850936865643725,2025-01-29 02:39:15.735814,2025-01-29 02:49:27.978295,0 days 00:10:12.242481,0.913173510144924,1.596266535268674e-08,0.057139392526370056,10,1.8162545694514933,1.8842944478116043e-08,0.16320957994548196,0.7524413814586539,,611.490837097168,COMPLETE
44,44,0.5472726398391149,2025-01-29 02:49:27.978779,2025-01-29 02:58:12.865400,0 days 00:08:44.886621,0.795580969953276,2.271036665437476e-05,0.00011566163550659303,7,0.006043368968347446,8.99012471929717e-08,0.027802863685527777,0.7840550415003977,,524.1307978630066,COMPLETE
45,45,0.24533565795653764,2025-01-29 02:58:12.866002,2025-01-29 03:14:38.805514,0 days 00:16:25.939512,0.9257403341857611,3.5727890090802002e-06,0.022199795833469347,10,6.681706150792793,2.8622870012784135e-08,3.323555436786756e-05,0.9029423120903125,,984.3871397972107,COMPLETE
46,46,0.24598158173312798,2025-01-29 03:14:38.805985,2025-01-29 03:25:53.647851,0 days 00:11:14.841866,0.9609950562338221,2.7378730957202533e-07,0.03846609446830713,9,8.023070431348938,4.820041464051694e-07,0.0011689569262527688,0.965037660438305,,673.7630417346954,COMPLETE
47,47,0.24623514009319594,2025-01-29 03:25:53.648343,2025-01-29 03:46:08.576807,0 days 00:20:14.928464,0.9066049409403741,2.3254478580665014e-06,0.00964666513990957,10,5.058702925873548,1.294515810010422e-08,0.00020513599192492366,0.9391175837253853,,1213.1664474010468,COMPLETE
48,48,0.24891005992821258,2025-01-29 03:46:08.577293,2025-01-29 03:50:47.439904,0 days 00:04:38.862611,0.8944441821690449,0.00022860860151162641,0.06956428918569928,6,0.008432071512848681,5.79016427996421e-05,0.02436648364353058,0.8160879142209521,,278.1333682537079,COMPLETE
49,49,0.298305181935887,2025-01-29 03:50:47.440569,2025-01-29 03:54:14.484420,0 days 00:03:27.043851,0.5857273194746822,1.8406572603759738e-06,0.0027142834339522904,3,0.002568684477651497,1.0583897442922423e-07,2.1546965122035218e-05,0.7662661596338725,,206.49962496757507,COMPLETE
50,50,0.2484847913320748,2025-01-29 03:54:14.484895,2025-01-29 04:00:34.989491,0 days 00:06:20.504596,0.9618117379095681,9.708612593702609e-05,0.07804476016927459,9,2.21893506609467,0.004250527261113016,0.659517281124584,0.8076490948657562,,379.96231389045715,COMPLETE
51,51,0.2465330677069324,2025-01-29 04:00:34.990176,2025-01-29 04:18:48.804279,0 days 00:18:13.814103,0.962451274314079,7.613988345065998e-06,0.01583975382433594,10,5.269459277439105,0.00011057787339953204,4.3473806643659246e-05,0.9984090850421705,,1092.204707622528,COMPLETE
52,52,0.2471251511569259,2025-01-29 04:18:48.804720,2025-01-29 04:27:54.980832,0 days 00:09:06.176112,0.9900902117353455,1.2225283050973385e-06,0.021020835594793053,8,5.581876010429924,1.1456547803573469e-07,0.00011698465156734944,0.9835171943727044,,545.2588310241699,COMPLETE
53,53,0.24626919805436853,2025-01-29 04:27:54.981566,2025-01-29 04:46:18.020447,0 days 00:18:23.038881,0.8127215891732354,5.5444395428014154e-06,0.013853300440907022,10,1.1671221433634336,7.751135165400508e-08,6.064986699687947e-06,0.8075322104683698,,1101.2664306163788,COMPLETE
54,54,0.25023121420653743,2025-01-29 04:46:18.020922,2025-01-29 04:51:21.027413,0 days 00:05:03.006491,0.9699556107393694,1.4367543516555623e-07,0.09110108369822398,9,1.860176440103409,1.6794869745630953e-05,0.0001724318962659918,0.872756941003797,,302.5570077896118,COMPLETE
55,55,0.25316383163174544,2025-01-29 04:51:21.028044,2025-01-29 04:56:47.748341,0 days 00:05:26.720297,0.536387119887115,0.0011046996216723228,0.013123074917623923,6,0.0024917614241352147,1.5313109728905753e-08,0.5661525597604625,0.5714270894479991,,326.038400888443,COMPLETE
56,56,0.24889064549159354,2025-01-29 04:56:47.749132,2025-01-29 05:03:34.744714,0 days 00:06:46.995582,0.9556804186437236,2.587733941208142e-07,0.020804783179906965,7,6.893828766664117,1.0286585048642576e-07,0.5036500584332556,0.9139662862769421,,406.1752634048462,COMPLETE
57,57,0.25129169700245474,2025-01-29 05:03:34.745338,2025-01-29 05:08:08.831552,0 days 00:04:34.086214,0.832337389390192,2.7284571382746376e-05,0.09049442135597852,9,0.3471171226670032,1.6373027958168672e-08,0.18777394589204605,0.6935854488451249,,273.67917227745056,COMPLETE
58,58,0.25085344863851994,2025-01-29 05:08:08.832148,2025-01-29 05:13:48.279220,0 days 00:05:39.447072,0.845278949716503,1.696198089001075e-06,0.08769387606943556,10,0.7410273123460289,1.6194531205400537e-06,0.0021407662141623225,0.9912264197137408,,339.0336673259735,COMPLETE
59,59,0.24598202115553539,2025-01-29 05:13:48.279907,2025-01-29 05:25:06.625731,0 days 00:11:18.345824,0.6738534030835387,1.3375615130867785e-07,0.027264419796153554,9,2.9568258851506717,8.830402307957193e-06,3.857093465242478e-07,0.826545158153407,,677.0318937301636,COMPLETE
60,60,0.3098298937618429,2025-01-29 05:25:06.626219,2025-01-29 05:30:28.646239,0 days 00:05:22.020020,0.7760017614815382,1.6824323973143526e-08,0.0019734078744983673,5,0.12839407356539262,0.5335927103502013,0.017366497712822487,0.5545385284474805,,321.44148421287537,COMPLETE
61,61,0.24772073317614318,2025-01-29 05:30:28.646885,2025-01-29 05:36:25.659591,0 days 00:05:57.012706,0.6223679591691776,4.062336706622082e-07,0.03359132778684396,7,4.607694134861072,0.011005288242743983,1.144822953678595e-07,0.8037940153437456,,356.1843202114105,COMPLETE
62,62,0.24692732559522143,2025-01-29 05:36:25.660172,2025-01-29 05:49:10.792028,0 days 00:12:45.131856,0.5818513625233707,6.317960215017761e-06,0.011344279122580934,9,3.546587922818128,2.7024993990273194e-06,2.696800666065952e-07,0.8355818114681369,,763.8121953010559,COMPLETE
63,63,0.24948700232861132,2025-01-29 05:49:10.792493,2025-01-29 05:56:20.706250,0 days 00:07:09.913757,0.8828164432222995,0.00027018420545159343,0.07572217576267291,10,4.327661847894961,4.754799550140987e-07,9.195170303396624e-05,0.8695977235228207,,429.3747842311859,COMPLETE
64,64,0.24632056894495036,2025-01-29 05:56:20.706985,2025-01-29 06:10:09.605788,0 days 00:13:48.898803,0.7210248920596881,8.283977032278295e-08,0.04167368291544464,10,8.449869919849085,0.00016986352631888412,2.0981049370117063e-06,0.8071562289858655,,827.459151506424,COMPLETE
65,65,0.24708279719524437,2025-01-29 06:10:09.606295,2025-01-29 06:24:03.577650,0 days 00:13:53.971355,0.9620206023593532,6.696010910519219e-05,0.010508522092239379,9,7.90590539649114,4.1358929402494844e-08,2.6017123874689523e-06,0.8400938917134573,,832.677125453949,COMPLETE
66,66,0.24930086115140349,2025-01-29 06:24:03.578134,2025-01-29 06:29:35.189771,0 days 00:05:31.611637,0.6041989545982727,8.58494127115662e-07,0.0704547252650871,8,0.0717017236292947,4.360358632483097e-06,2.8099451847654405e-08,0.7121250772162707,,330.9731185436249,COMPLETE
67,67,0.2543957392073512,2025-01-29 06:29:35.190421,2025-01-29 06:37:39.762282,0 days 00:08:04.571861,0.786153877505741,7.240513517939168e-08,0.00670897106112483,7,0.3650590955171952,2.9902978459474416e-05,4.5213308948987545e-08,0.8202038913827856,,483.73542976379395,COMPLETE
68,68,0.24762759236259768,2025-01-29 06:37:39.762976,2025-01-29 06:58:55.764093,0 days 00:21:16.001117,0.7310282080433598,3.293791695037911e-07,0.007832915675180598,10,0.7992004933757956,0.00023599770831211916,4.250397826619077e-08,0.9280814668124548,,1273.9656174182892,COMPLETE
69,69,0.2703384231435015,2025-01-29 06:58:55.764524,2025-01-29 07:11:08.213684,0 days 00:12:12.449160,0.9941351510818929,0.00015846720239838275,0.002950659501963593,8,0.3218028225435114,6.465171224954188e-08,0.3534473229371607,0.9766602943767491,,731.5047962665558,COMPLETE
70,70,0.24629651531506166,2025-01-29 07:11:08.214421,2025-01-29 07:22:02.187055,0 days 00:10:53.972634,0.9300006220636177,9.921607064420065e-07,0.04818377650012362,9,9.078695990587807,4.568824003181252e-05,0.21378539102628563,0.9530479583205228,,652.9166479110718,COMPLETE
71,71,0.3363981789939547,2025-01-29 07:22:02.187579,2025-01-29 07:27:26.559528,0 days 00:05:24.371949,0.8355572150775498,4.929506123933848e-06,0.001507175918130798,5,0.0011717432033894483,0.0006985522799532081,7.238687971523721e-07,0.535410593773554,,323.78605103492737,COMPLETE
72,72,0.24629867290539398,2025-01-29 07:27:26.560191,2025-01-29 07:35:15.499585,0 days 00:07:48.939394,0.6590364114253526,1.0007976158727228e-06,0.04342286623986417,8,3.2725857197284753,1.7518609903091635e-06,3.991996861741006e-05,0.9075839511157439,,468.01564478874207,COMPLETE
73,73,0.2470211571850203,2025-01-29 07:35:15.500328,2025-01-29 07:47:42.215963,0 days 00:12:26.715635,0.6581856767220788,1.6499178432589158e-08,0.011377112115593647,9,4.4819878016886046,5.669829587818695e-06,6.748684509918036e-07,0.7443937377861825,,745.6069803237915,COMPLETE
74,74,0.2505591283824962,2025-01-29 07:47:42.216445,2025-01-29 07:52:50.520506,0 days 00:05:08.304061,0.9416407978135592,3.15000032181853e-06,0.026640883492418926,6,0.07646198498588212,8.116518729776068e-07,0.3431623081307788,0.7721088283210368,,307.5815553665161,COMPLETE
75,75,0.24583416412147965,2025-01-29 07:52:50.521374,2025-01-29 08:03:57.492638,0 days 00:11:06.971264,0.7520578073329012,4.7258753464160154e-07,0.0375697450494245,9,3.292409061961424,2.8950452629537844e-07,1.879555126454736e-08,0.8856424649265785,,665.8660564422607,COMPLETE
76,76,0.24652044269039616,2025-01-29 08:03:57.493149,2025-01-29 08:11:54.453999,0 days 00:07:56.960850,0.8625256355482487,6.51560445362144e-08,0.05401642655543536,8,4.5363007088168565,1.2784268389301746e-05,6.20754423429297e-07,0.9789992449924539,,476.0387554168701,COMPLETE
77,77,0.24596784976866518,2025-01-29 08:11:54.454722,2025-01-29 08:31:05.745261,0 days 00:19:11.290539,0.9751916143043113,1.187515592793561e-05,0.013503593857801949,10,4.370511063515401,2.5057619315245595e-08,0.20789517016749784,0.9466588001843278,,1149.5889229774475,COMPLETE
78,78,0.2464395682429644,2025-01-29 08:31:05.745760,2025-01-29 08:43:14.717799,0 days 00:12:08.972039,0.9826371934240471,2.3956360700535746e-06,0.04136698390999688,9,1.8956407776331634,2.2771047334796067e-08,0.07748361908379348,0.9830618505081155,,727.8707056045532,COMPLETE
79,79,0.2480941615397471,2025-01-29 08:43:14.718277,2025-01-29 08:49:21.731616,0 days 00:06:07.013339,0.8499774901197378,3.7872874992441304e-06,0.04268782184335471,7,0.9968813982482908,3.576280905075876e-07,2.739785083580741e-08,0.7717821649541774,,366.190646648407,COMPLETE
80,80,0.2506494830207848,2025-01-29 08:49:21.732380,2025-01-29 08:57:06.824852,0 days 00:07:45.092472,0.8334325986862695,3.842695498895363e-07,0.010322497477216343,7,7.176140593363058,3.214353851111232e-08,5.142135055942704e-08,0.9813670828174563,,464.296098947525,COMPLETE
81,81,0.24533062881754186,2025-01-29 08:57:06.825618,2025-01-29 09:10:20.625544,0 days 00:13:13.799926,0.5520672917339424,1.6860718230345165e-08,0.03289080389527628,10,9.773023686144265,3.5270562232316937e-07,1.073992030495158e-08,0.9616698225454492,,792.543518781662,COMPLETE
82,82,0.24733379242184864,2025-01-29 09:10:20.626036,2025-01-29 09:15:55.888149,0 days 00:05:35.262113,0.6418162485869942,8.609085959736445e-08,0.055862138616977315,7,8.217561658575459,1.933785208906467e-06,4.633864647444464e-08,0.9720746266420704,,334.442506313324,COMPLETE
83,83,0.24565037936104372,2025-01-29 09:15:55.888823,2025-01-29 09:31:13.964924,0 days 00:15:18.076101,0.5288027949406113,7.643507384218041e-07,0.025198571534056646,10,1.0167416356303547,2.6542181509306676e-08,1.4252415917428875e-08,0.9551209934866788,,916.34033203125,COMPLETE
84,84,0.245286113115928,2025-01-29 09:31:13.965391,2025-01-29 09:46:31.728004,0 days 00:15:17.762613,0.5392612296063303,1.9618837227872194e-07,0.01536327858561602,10,9.003473888253977,2.7989874784127637e-07,2.1506106116861494e-08,0.9780416951409464,,916.4656224250793,COMPLETE
85,85,0.2508333920459115,2025-01-29 09:46:31.728525,2025-01-29 09:51:32.566228,0 days 00:05:00.837703,0.519474538054254,2.4795038692529823e-07,0.08250036867453646,10,1.6043969054802882,2.2626667735867888e-08,1.953094355431571e-08,0.8734637925069781,,300.4148750305176,COMPLETE
86,86,0.2487083260771394,2025-01-29 09:51:32.566919,2025-01-29 10:11:42.298848,0 days 00:20:09.731929,0.564423751333194,2.553029084776169e-08,0.005374927396187196,10,9.109255291864294,1.861137365804157e-05,2.0573022017760368e-07,0.9793607956784592,,1207.8205842971802,COMPLETE
87,87,0.24655019329420355,2025-01-29 10:11:42.299393,2025-01-29 10:31:36.817317,0 days 00:19:54.517924,0.6863430726994552,6.041916752662783e-07,0.010865297341372284,10,0.8468815544088294,9.817086141211115e-08,1.632642782385497e-08,0.9755902750307218,,1192.528447151184,COMPLETE
88,88,0.24528223513250977,2025-01-29 10:31:36.819058,2025-01-29 10:45:40.015891,0 days 00:14:03.196833,0.5921845012669877,5.044646373144573e-08,0.028750349446654073,10,6.03934968882925,2.73257917876441e-06,8.174019225474101e-08,0.996661635896344,,841.6297934055328,COMPLETE
89,89,0.26229514895912814,2025-01-29 10:45:40.016455,2025-01-29 10:56:32.690823,0 days 00:10:52.674368,0.5511750763396424,4.4644489907831143e-07,0.0035654590145459755,8,0.03933761626713856,1.6044058419926773e-06,1.0562757693523168e-07,0.8992341709912393,,651.5627303123474,COMPLETE
90,90,0.24723674758394099,2025-01-29 10:56:32.691543,2025-01-29 11:05:29.585105,0 days 00:08:56.893562,0.5961816938927761,3.1788295293006393e-07,0.054163221608622386,10,3.9250624947520354,1.4977258045510646e-05,1.7248261883227995e-07,0.9867049782021469,,535.9138207435608,COMPLETE
91,91,0.24826298640835662,2025-01-29 11:05:29.585717,2025-01-29 11:14:50.699523,0 days 00:09:21.113806,0.506326006594693,5.691903995766799e-07,0.011676648313134029,8,2.5490515911270486,4.4820510528047715e-08,1.2886402187294644e-08,0.9793061137014494,,560.0248627662659,COMPLETE
92,92,0.24541537242982303,2025-01-29 11:14:50.700315,2025-01-29 11:31:10.583305,0 days 00:16:19.882990,0.6135622390810168,1.306848702639164e-08,0.014676283111816462,10,5.730139764165059,3.9450943232370604e-08,7.148967306614931e-08,0.9470781199844254,,978.2126271724701,COMPLETE
93,93,0.24681090907206424,2025-01-29 11:31:10.583823,2025-01-29 11:50:10.913145,0 days 00:19:00.329322,0.5183711486436906,1.0019942558385762e-08,0.009334457637772992,10,0.400377154831941,3.591161158433527e-08,4.247640694543823e-05,0.927800656299749,,1138.295899629593,COMPLETE
94,94,0.2459617604834897,2025-01-29 11:50:10.913655,2025-01-29 12:08:47.031874,0 days 00:18:36.118219,0.6681237039638415,1.750176616601343e-08,0.010289685471114087,10,3.601192987456451,1.7100526750326905e-07,5.357430812783037e-07,0.917461817785747,,1114.371904373169,COMPLETE
95,95,0.24807308072305023,2025-01-29 12:08:47.032404,2025-01-29 12:16:20.700204,0 days 00:07:33.667800,0.6109446305193228,3.135881314184008e-08,0.06493889124158507,10,6.084915104809095,1.9776430713144967e-07,8.861870268832491e-08,0.9239271421913972,,452.8784945011139,COMPLETE
96,96,0.24552257805251101,2025-01-29 12:16:20.701063,2025-01-29 12:32:27.229725,0 days 00:16:06.528662,0.5382126183477509,3.045647002919562e-07,0.014764498017067498,10,3.079669636792055,2.0962557659839496e-06,1.138454929006776e-08,0.8965807908657367,,964.851175069809,COMPLETE
97,97,0.2460227951793589,2025-01-29 12:32:27.230275,2025-01-29 12:48:46.838146,0 days 00:16:19.607871,0.5063508061883443,6.957113876970406e-07,0.01856653623167537,10,0.3327356392154945,0.00016053904951907603,2.9735870767197356e-08,0.8493678989884026,,977.7247004508972,COMPLETE
98,98,0.26793106181896126,2025-01-29 12:48:46.838660,2025-01-29 13:10:01.706570,0 days 00:21:14.867910,0.5085595616823443,2.0478982086660285e-06,0.0027545257744852705,10,9.150131566331899,1.8612947208687986e-08,8.041068982455876e-08,0.9644168644293604,,1272.7957925796509,COMPLETE
99,99,0.249954866630285,2025-01-29 13:10:01.707139,2025-01-29 13:13:38.177491,0 days 00:03:36.470352,0.5548916705489068,0.0007297927389284345,0.09796919781878981,9,2.297105246582873,3.913108897004052e-08,6.2101905914252035e-06,0.972930946085272,,216.04952430725098,COMPLETE
100,100,0.24554293686295803,2025-01-29 13:13:38.178271,2025-01-29 13:29:59.299903,0 days 00:16:21.121632,0.5220129795571362,4.3575038265999196e-07,0.014872667731615205,10,2.089365440691267,1.2677742450127884e-07,6.59903262096168e-08,0.9508650922683307,,979.3654291629791,COMPLETE
101,101,0.245494028988425,2025-01-29 13:29:59.300382,2025-01-29 13:46:23.975455,0 days 00:16:24.675073,0.6359037827763321,1.5008901407738014e-05,0.014715644901529499,10,6.310135333423147,2.2627586452353786e-06,4.679506375513518e-08,0.9936856973827005,,983.04421210289,COMPLETE
102,102,0.24668419243476128,2025-01-29 13:46:23.975947,2025-01-29 13:58:02.841863,0 days 00:11:38.865916,0.6147870568223706,7.832486432770515e-06,0.04770689911221001,10,3.5832547212749644,7.023147623383199e-08,1.833868003464841e-08,0.9902810673462027,,697.653929233551,COMPLETE
103,103,0.24572752630397285,2025-01-29 13:58:02.842436,2025-01-29 14:08:53.588564,0 days 00:10:50.746128,0.500684013365551,2.133242392804227e-08,0.023314858569304518,9,4.573086568854841,1.595377238820013e-07,4.545195874980866e-07,0.9544313067594651,,649.4611718654633,COMPLETE
104,104,0.24538952531682046,2025-01-29 14:08:53.589190,2025-01-29 14:24:28.699562,0 days 00:15:35.110372,0.5541956843267256,4.5609033483873754e-08,0.013810307391987861,10,9.322244457605533,8.147541542094958e-07,1.4777560373121614e-08,0.8783899051369065,,933.498945236206,COMPLETE
105,105,0.25225807282070245,2025-01-29 14:24:28.700125,2025-01-29 14:39:12.014167,0 days 00:14:43.314042,0.5790346810225783,1.4854081571570285e-06,0.004763474040383594,9,4.690731696624916,5.87818343526641e-06,1.7045570674994426e-08,0.8515904935422621,,881.8571140766144,COMPLETE
106,106,0.24605917817567033,2025-01-29 14:39:12.014685,2025-01-29 14:50:48.679657,0 days 00:11:36.664972,0.5544267337055893,5.346503717909149e-08,0.018471292018356636,9,2.0051611402277225,4.174953068972094e-06,1.185565831366092e-08,0.955892083137245,,695.3140618801117,COMPLETE
107,107,0.24976071896330218,2025-01-29 14:50:48.680258,2025-01-29 15:10:21.268320,0 days 00:19:32.588062,0.5032985229235633,1.3154525860439353e-08,0.0049793134308970385,10,4.026145087539894,3.759770272101981e-06,2.3860167217179082e-08,0.7911848125879777,,1170.7343084812164,COMPLETE
108,108,0.27386258027014354,2025-01-29 15:10:21.269082,2025-01-29 15:33:12.457979,0 days 00:22:51.188897,0.6936942930052253,0.00013849088576371732,0.0025328487916669797,10,3.48664607516035,3.844479834173037e-07,3.0297586553106365e-08,0.9389612238014533,,1369.1697335243225,COMPLETE
109,109,0.24546366896313399,2025-01-29 15:33:12.459615,2025-01-29 15:46:32.305664,0 days 00:13:19.846049,0.5804287206489092,1.121539551775449e-07,0.03190072035651174,10,9.744070604539743,1.2471915390214323e-07,1.0307195407467585e-08,0.9987862337413783,,798.3286230564117,COMPLETE
110,110,0.24542570693106966,2025-01-29 15:46:32.306264,2025-01-29 16:03:11.135862,0 days 00:16:38.829598,0.5027951531444257,3.2473526445269737e-06,0.011904164391734931,10,5.491574780701389,1.0770979401814808e-05,1.0430426158780485e-08,0.9555408473075352,,997.0984749794006,COMPLETE
111,111,0.24608146126904762,2025-01-29 16:03:11.136380,2025-01-29 16:14:27.241889,0 days 00:11:16.105509,0.5450922985914658,4.373079817608505e-08,0.017210578621184653,9,8.751325066014726,3.0048655369648173e-06,9.336201173619395e-08,0.8922581540013831,,674.8462810516357,COMPLETE
112,112,0.24740018985895085,2025-01-29 16:14:27.242846,2025-01-29 16:28:35.316495,0 days 00:14:08.073649,0.6680636233980817,0.00010400091413598832,0.008873436039934398,9,3.6909446942812107,0.00010602959349233664,1.9930651670259192e-08,0.9980778224826354,,846.6667251586914,COMPLETE
113,113,0.24565449626670563,2025-01-29 16:28:35.317104,2025-01-29 16:46:38.861777,0 days 00:18:03.544673,0.6842647994813673,1.4300145381553677e-06,0.01087897609610391,10,7.225772917826562,1.2069548305572174e-05,1.7125346526015627e-08,0.985944671656133,,1081.8439280986786,COMPLETE
114,114,0.2456731824460856,2025-01-29 16:46:38.862304,2025-01-29 17:03:48.089123,0 days 00:17:09.226819,0.5931333891364557,4.516736523153837e-08,0.013152138413122605,10,3.9257042055477607,1.7728435244339205e-06,4.019549059430157e-08,0.9955127064777709,,1027.4473056793213,COMPLETE
115,115,0.2509010338489195,2025-01-29 17:03:48.089674,2025-01-29 17:24:12.049791,0 days 00:20:23.960117,0.5033053513618704,1.6236378202978258e-05,0.0046684715070406625,10,3.080670137987211,4.969993712547163e-05,1.0646662422168926e-06,0.9982203730986751,,1221.9463891983032,COMPLETE
116,116,0.24557008372124092,2025-01-29 17:24:12.050316,2025-01-29 17:34:23.882734,0 days 00:10:11.832418,0.570864739382633,1.6277165106503657e-08,0.03378882468496994,9,8.55872142248025,1.759454576292374e-08,2.944173649805587e-08,0.84354441800747,,610.7501785755157,COMPLETE
117,117,0.24770498205128666,2025-01-29 17:34:23.883716,2025-01-29 17:39:56.191624,0 days 00:05:32.307908,0.5237345414217237,7.875365695596101e-07,0.061623559452854346,7,6.757503675131621,7.373408079830999e-08,2.5553600946435863e-08,0.7418442504129654,,331.48451590538025,COMPLETE
118,118,0.2461956496586207,2025-01-29 17:39:56.194864,2025-01-29 17:58:19.470381,0 days 00:18:23.275517,0.5821871189617176,3.157772368127588e-08,0.009030363123635676,10,4.083006239277849,2.3667703284253817e-08,2.6653756260113237e-08,0.8861595172010716,,1101.4813930988312,COMPLETE
119,119,0.2468743862933308,2025-01-29 17:58:19.470882,2025-01-29 18:07:04.841794,0 days 00:08:45.370912,0.568597379179136,2.1955304825267583e-08,0.057418310105099,9,8.072761743587575,3.706213764868753e-08,1.0372225317198922e-07,0.9711784677037869,,524.4871416091919,COMPLETE
120,120,0.24983557047820684,2025-01-29 18:07:04.842707,2025-01-29 18:11:52.441521,0 days 00:04:47.598814,0.8203021808204173,5.8124362199286535e-05,0.040377364474212786,6,0.04416985518241241,0.18544439663167483,1.1890384453102249e-05,0.6435373698332104,,286.87369871139526,COMPLETE
121,121,0.2861904026840613,2025-01-29 18:11:52.442994,2025-01-29 18:16:07.400312,0 days 00:04:14.957318,0.5960424479955511,0.001345522120525807,0.0030190772517855948,4,0.10152988253654137,7.162545508747935e-06,9.404630560551728e-05,0.9775325543289191,,254.34215331077576,COMPLETE
122,122,0.24555933663970053,2025-01-29 18:16:07.401104,2025-01-29 18:30:17.102645,0 days 00:14:09.701541,0.561944881101849,2.9532655137834336e-08,0.026763075746834484,10,4.217031183389919,3.396219591754999e-08,6.201878123408667e-08,0.7402558090401692,,848.1051898002625,COMPLETE
123,123,0.24972560389339013,2025-01-29 18:30:17.103231,2025-01-29 18:40:15.173990,0 days 00:09:58.070759,0.5842791423246368,2.4308305930873575e-08,0.00826514146226986,8,3.6402566992469105,1.0289764379530563e-08,1.2331936616304215e-08,0.7767516073638737,,597.1255753040314,COMPLETE
124,124,0.24778184702429362,2025-01-29 18:40:15.174774,2025-01-29 18:48:32.445572,0 days 00:08:17.270798,0.5157952901350079,1.3560925774875925e-08,0.05609291377738215,10,2.4106706083265386,4.797517982177445e-07,1.132735479885344e-08,0.9693394902145438,,496.56438422203064,COMPLETE
125,125,0.24542047225793975,2025-01-29 18:48:32.446586,2025-01-29 19:05:20.651785,0 days 00:16:48.205199,0.6187768971183473,5.646424742881418e-07,0.012007909084480338,10,9.914735402896143,4.150596748250382e-07,2.0571151259720896e-08,0.947748726558432,,1006.5814850330353,COMPLETE
126,126,0.2453492997205938,2025-01-29 19:05:20.652268,2025-01-29 19:20:37.286356,0 days 00:15:16.634088,0.5516452422851736,2.369301680794178e-06,0.019694466833020605,10,3.844425922245116,2.282987199908319e-07,3.435683353342493e-08,0.8929183524395369,,914.9692487716675,COMPLETE
127,127,0.24602100957194417,2025-01-29 19:20:37.286918,2025-01-29 19:32:07.142011,0 days 00:11:29.855093,0.5514993089200768,0.0007574902274063895,0.020805964570815818,9,1.1525963563427026,5.9967875260227434e-06,2.583169769444372e-08,0.926827180519837,,688.7385883331299,COMPLETE
